0;1;2;3;4;5;6;7;8;9;10;11;2kg;casa;custando;da;de;está;frango;mercado;no;perto;quanto;sua
2kg;casa;custando;da;de;está;frango;mercado;no;perto;quanto;sua;;;;;;;;;;;;
1.0;1.0;1.0;1.0;1.0;1.0;1.0;1.0;1.0;1.0;1.0;1.0;;;;;;;;;;;;
;;;;;;;;;;;;0.2886751345948129;0.2886751345948129;0.2886751345948129;0.2886751345948129;0.2886751345948129;0.2886751345948129;0.2886751345948129;0.2886751345948129;0.2886751345948129;0.2886751345948129;0.2886751345948129;0.2886751345948129
